date,day_of_week,academic_event,weather
2025-07-21,Monday,regular,clear
2025-07-22,Tuesday,regular,rain
2025-07-23,Wednesday,regular,clear
2025-07-24,Thursday,regular,clear
2025-07-25,Friday,regular,rain
2025-07-26,Saturday,regular,clear
2025-07-27,Sunday,regular,clear
2025-07-28,Monday,regular,clear
2025-07-29,Tuesday,regular,rain
2025-07-30,Wednesday,regular,rain
2025-07-31,Thursday,regular,rain
2025-08-01,Friday,regular,clear
2025-08-02,Saturday,regular,clear
2025-08-03,Sunday,regular,clear
2025-08-04,Monday,regular,rain
2025-08-05,Tuesday,regular,rain
2025-08-06,Wednesday,regular,clear
2025-08-07,Thursday,regular,rain
2025-08-08,Friday,regular,clear
2025-08-09,Saturday,regular,clear
2025-08-10,Sunday,regular,clear
2025-08-11,Monday,regular,rain
2025-08-12,Tuesday,regular,clear
2025-08-13,Wednesday,regular,clear
2025-08-14,Thursday,regular,clear
2025-08-15,Friday,long_weekend,rain
2025-08-16,Saturday,long_weekend,clear
2025-08-17,Sunday,long_weekend,rain
2025-08-18,Monday,regular,rain
2025-08-19,Tuesday,regular,clear
2025-08-20,Wednesday,regular,clear
2025-08-21,Thursday,regular,clear
2025-08-22,Friday,regular,rain
2025-08-23,Saturday,regular,rain
2025-08-24,Sunday,regular,clear
2025-08-25,Monday,regular,rain
2025-08-26,Tuesday,regular,rain
2025-08-27,Wednesday,regular,clear
2025-08-28,Thursday,regular,rain
2025-08-29,Friday,regular,clear
2025-08-30,Saturday,regular,rain
2025-08-31,Sunday,regular,clear
2025-09-01,Monday,regular,clear
2025-09-02,Tuesday,regular,rain
2025-09-03,Wednesday,regular,clear
2025-09-04,Thursday,regular,clear
2025-09-05,Friday,regular,clear
2025-09-06,Saturday,regular,rain
2025-09-07,Sunday,regular,clear
2025-09-08,Monday,regular,rain
2025-09-09,Tuesday,regular,rain
2025-09-10,Wednesday,regular,rain
2025-09-11,Thursday,regular,clear
2025-09-12,Friday,regular,clear
2025-09-13,Saturday,regular,clear
2025-09-14,Sunday,regular,clear
2025-09-15,Monday,regular,clear
2025-09-16,Tuesday,regular,clear
2025-09-17,Wednesday,regular,rain
2025-09-18,Thursday,regular,rain
2025-09-19,Friday,regular,clear
2025-09-20,Saturday,regular,clear
2025-09-21,Sunday,regular,clear
2025-09-22,Monday,exams,clear
2025-09-23,Tuesday,exams,clear
2025-09-24,Wednesday,exams,clear
2025-09-25,Thursday,exams,clear
2025-09-26,Friday,exams,rain
2025-09-27,Saturday,exams,rain
2025-09-28,Sunday,exams,clear
2025-09-29,Monday,exams,rain
2025-09-30,Tuesday,exams,clear
2025-10-01,Wednesday,exams,clear
2025-10-02,Thursday,regular,clear
2025-10-03,Friday,regular,rain
2025-10-04,Saturday,regular,clear
2025-10-05,Sunday,regular,clear
2025-10-06,Monday,regular,clear
2025-10-07,Tuesday,regular,clear
2025-10-08,Wednesday,regular,clear
2025-10-09,Thursday,regular,clear
2025-10-10,Friday,regular,clear
2025-10-11,Saturday,regular,clear
2025-10-12,Sunday,regular,clear
2025-10-13,Monday,regular,rain
2025-10-14,Tuesday,regular,rain
2025-10-15,Wednesday,regular,clear
2025-10-16,Thursday,regular,clear
2025-10-17,Friday,regular,clear
2025-10-18,Saturday,diwali_break,clear
2025-10-19,Sunday,diwali_break,clear
2025-10-20,Monday,diwali_break,clear
2025-10-21,Tuesday,diwali_break,clear
2025-10-22,Wednesday,diwali_break,clear
2025-10-23,Thursday,diwali_break,clear
2025-10-24,Friday,diwali_break,clear
2025-10-25,Saturday,diwali_break,clear
2025-10-26,Sunday,diwali_break,rain
2025-10-27,Monday,regular,rain
2025-10-28,Tuesday,regular,clear
2025-10-29,Wednesday,regular,clear
2025-10-30,Thursday,fest,clear
2025-10-31,Friday,fest,clear
2025-11-01,Saturday,fest,clear
2025-11-02,Sunday,regular,clear
2025-11-03,Monday,regular,clear
2025-11-04,Tuesday,regular,clear
2025-11-05,Wednesday,regular,clear
2025-11-06,Thursday,regular,clear
2025-11-07,Friday,regular,clear
2025-11-08,Saturday,regular,clear
2025-11-09,Sunday,regular,clear
2025-11-10,Monday,regular,clear
2025-11-11,Tuesday,regular,clear
2025-11-12,Wednesday,regular,clear
2025-11-13,Thursday,regular,clear
2025-11-14,Friday,regular,clear
2025-11-15,Saturday,regular,clear
2025-11-16,Sunday,regular,clear
2025-11-17,Monday,regular,clear
2025-11-18,Tuesday,regular,clear
2025-11-19,Wednesday,regular,clear
2025-11-20,Thursday,regular,clear
2025-11-21,Friday,regular,clear
2025-11-22,Saturday,regular,rain
2025-11-23,Sunday,regular,clear
2025-11-24,Monday,exams,clear
2025-11-25,Tuesday,exams,clear
2025-11-26,Wednesday,exams,clear
2025-11-27,Thursday,exams,clear
2025-11-28,Friday,exams,clear
2025-11-29,Saturday,exams,clear
2025-11-30,Sunday,exams,clear
2025-12-01,Monday,exams,clear
2025-12-02,Tuesday,exams,clear
2025-12-03,Wednesday,exams,rain
2025-12-04,Thursday,exams,clear
2025-12-05,Friday,exams,clear
2025-12-06,Saturday,exams,clear
2025-12-07,Sunday,exams,clear
2025-12-08,Monday,exams,clear
2025-12-09,Tuesday,exams,clear
2025-12-10,Wednesday,exams,clear
2025-12-11,Thursday,regular,clear
2025-12-12,Friday,regular,clear
2025-12-13,Saturday,regular,clear
2025-12-14,Sunday,regular,clear
2025-12-15,Monday,regular,clear
2025-12-16,Tuesday,regular,clear
2025-12-17,Wednesday,regular,rain
2025-12-18,Thursday,regular,clear
2025-12-19,Friday,regular,clear
2026-01-05,Monday,regular,clear
2026-01-06,Tuesday,regular,clear
2026-01-07,Wednesday,regular,clear
2026-01-08,Thursday,regular,clear
2026-01-09,Friday,regular,clear
2026-01-10,Saturday,regular,clear
2026-01-11,Sunday,regular,clear
2026-01-12,Monday,regular,clear
2026-01-13,Tuesday,regular,clear
2026-01-14,Wednesday,regular,clear
2026-01-15,Thursday,regular,clear
2026-01-16,Friday,regular,clear
2026-01-17,Saturday,regular,clear
2026-01-18,Sunday,regular,clear
2026-01-19,Monday,regular,clear
2026-01-20,Tuesday,regular,clear
2026-01-21,Wednesday,regular,clear
2026-01-22,Thursday,regular,clear
2026-01-23,Friday,regular,clear
2026-01-24,Saturday,long_weekend,clear
2026-01-25,Sunday,long_weekend,clear
2026-01-26,Monday,long_weekend,clear
2026-01-27,Tuesday,regular,clear
2026-01-28,Wednesday,regular,clear
2026-01-29,Thursday,regular,clear
2026-01-30,Friday,regular,clear
2026-01-31,Saturday,regular,clear
2026-02-01,Sunday,regular,clear
2026-02-02,Monday,regular,clear
2026-02-03,Tuesday,regular,clear
2026-02-04,Wednesday,regular,clear
2026-02-05,Thursday,regular,clear
2026-02-06,Friday,fest,clear
2026-02-07,Saturday,fest,clear
2026-02-08,Sunday,fest,clear
2026-02-09,Monday,regular,clear
2026-02-10,Tuesday,regular,clear
2026-02-11,Wednesday,regular,clear
2026-02-12,Thursday,regular,clear
2026-02-13,Friday,regular,clear
2026-02-14,Saturday,regular,clear
2026-02-15,Sunday,regular,clear
2026-02-16,Monday,exams,clear
2026-02-17,Tuesday,exams,clear
2026-02-18,Wednesday,exams,clear
2026-02-19,Thursday,exams,clear
2026-02-20,Friday,exams,clear
2026-02-21,Saturday,exams,clear
2026-02-22,Sunday,exams,clear
2026-02-23,Monday,exams,clear
2026-02-24,Tuesday,exams,clear
2026-02-25,Wednesday,exams,clear
2026-02-26,Thursday,regular,rain
2026-02-27,Friday,regular,clear
2026-02-28,Saturday,regular,clear
2026-03-01,Sunday,regular,clear
2026-03-02,Monday,regular,clear
2026-03-03,Tuesday,long_weekend,clear
2026-03-04,Wednesday,long_weekend,clear
2026-03-05,Thursday,regular,clear
2026-03-06,Friday,regular,clear
2026-03-07,Saturday,regular,clear
2026-03-08,Sunday,regular,clear
2026-03-09,Monday,regular,clear
2026-03-10,Tuesday,regular,clear
2026-03-11,Wednesday,regular,clear
2026-03-12,Thursday,regular,clear
2026-03-13,Friday,regular,clear
2026-03-14,Saturday,regular,clear
2026-03-15,Sunday,regular,clear
2026-03-16,Monday,regular,clear
2026-03-17,Tuesday,regular,clear
2026-03-18,Wednesday,regular,clear
2026-03-19,Thursday,regular,clear
2026-03-20,Friday,regular,rain
2026-03-21,Saturday,regular,clear
2026-03-22,Sunday,regular,clear
2026-03-23,Monday,regular,clear
2026-03-24,Tuesday,regular,clear
2026-03-25,Wednesday,regular,clear
2026-03-26,Thursday,regular,clear
2026-03-27,Friday,regular,clear
2026-03-28,Saturday,regular,clear
2026-03-29,Sunday,regular,clear
2026-03-30,Monday,regular,clear
2026-03-31,Tuesday,regular,clear
